{
  "Accuracy": 0.8666666666666667,
  "F1_Score": 0.8611111111111112,
  "ROC_AUC": 0.9866666666666667,
  "Mean_Sensitivity": 0.8666666666666667,
  "Mean_Specificity": 0.9333333333333332,
  "Confusion_Matrix": [
    [
      10,
      0,
      0
    ],
    [
      4,
      6,
      0
    ],
    [
      0,
      0,
      10
    ]
  ],
  "Mean_Dice": 0.3111975222826004,
  "Mean_IoU": 0.21560965579022498
}